{
  "compartment": "mesenchymal",
  "label": "myCAF",
  "n_obs": 832508,
  "n_anchor": 16651,
  "pi": 0.02,
  "sweep": [
    {
      "n_permutations": 200,
      "p": 0.004975124378109453,
      "tau": 7.6107025146484375,
      "neg_log10_p": 2.303,
      "t_ot_s": 54.6
    },
    {
      "n_permutations": 500,
      "p": 0.001996007984031936,
      "tau": 7.6107025146484375,
      "neg_log10_p": 2.7,
      "t_ot_s": 59.2
    },
    {
      "n_permutations": 2000,
      "p": 0.0004997501249375312,
      "tau": 7.6107025146484375,
      "neg_log10_p": 3.301,
      "t_ot_s": 83.2
    },
    {
      "n_permutations": 5000,
      "p": 0.0001999600079984003,
      "tau": 7.6107025146484375,
      "neg_log10_p": 3.699,
      "t_ot_s": 131.2
    }
  ]
}