{
  "phase": 1,
  "dataset": "kang_20study_myeloid_full_extract",
  "n_studies": 20,
  "n_obs": 128694,
  "n_batches": 276,
  "n_lamp3": 1287,
  "pi": 0.01,
  "t_total_s": 192.4,
  "lamp3_detection": {
    "p_value": 0.004975124378109453,
    "tau": 11.470260620117188,
    "ci_low": 10.633216857910156,
    "ci_high": 12.033683776855469,
    "markers_found": [
      "LAMP3",
      "CCR7",
      "FSCN1",
      "MARCKSL1",
      "BIRC3"
    ]
  },
  "vram_peak_gb": 8.5
}