{
  "compartment": "b",
  "label": "plasmablast",
  "n_obs": 374609,
  "n_anchor": 7493,
  "pi": 0.02,
  "sweep": [
    {
      "n_permutations": 200,
      "p": 0.004975124378109453,
      "tau": 8.821640014648438,
      "neg_log10_p": 2.303,
      "t_ot_s": 12.1
    },
    {
      "n_permutations": 500,
      "p": 0.001996007984031936,
      "tau": 8.821640014648438,
      "neg_log10_p": 2.7,
      "t_ot_s": 13.9
    },
    {
      "n_permutations": 2000,
      "p": 0.0004997501249375312,
      "tau": 8.821640014648438,
      "neg_log10_p": 3.301,
      "t_ot_s": 24.5
    },
    {
      "n_permutations": 5000,
      "p": 0.0001999600079984003,
      "tau": 8.821640014648438,
      "neg_log10_p": 3.699,
      "t_ot_s": 45.5
    }
  ]
}