{
  "lambda_mass": 4.0,
  "seed": 2,
  "t_vanilla_s": 34.782292790012434,
  "t_shield_s": 14.085289528011344,
  "scvi_vanilla": {
    "LossRate@1": 1.0,
    "AUPRC_loss_prob": 0.8333333333333333,
    "AUPRC_ot": 0.6,
    "n_candidates": 8,
    "n_rare_truth_candidates": 3,
    "max_loss_prob_rare": 0.8907643366479581,
    "max_loss_prob_non_rare": 0.8592471448066998,
    "ARI": 1.0
  },
  "scvi_rareshield": {
    "LossRate@1": 1.0,
    "AUPRC_loss_prob": 0.6666666666666667,
    "AUPRC_ot": 0.375,
    "n_candidates": 8,
    "n_rare_truth_candidates": 3,
    "max_loss_prob_rare": 0.8845789099939896,
    "max_loss_prob_non_rare": 0.8592466537635848,
    "ARI": 1.0
  },
  "delta_ARI": 0.0
}