{
  "method": "scanorama",
  "holdout_name": "retina_bc1a_holdout",
  "lambda_mass": 2.0,
  "include_overcorrection_motifs": true,
  "n_rare_truth_motifs": 1,
  "n_overcorrection_target_motifs": 4,
  "ARI_vanilla": 0.6390980718076619,
  "ARI_rareshield": 0.6255280676849808,
  "delta_ARI": -0.013570004122681056,
  "mean_OT_p_delta_rare_truth": 0.9836065573770492,
  "mean_OT_p_delta_overcorrection_candidate": 0.008196721311475419,
  "mean_lp_delta_rare_truth": 0.013872250051644802,
  "mean_lp_delta_overcorrection_candidate": -0.23567420950944723,
  "fine_tune_seconds": 209.99475184100447,
  "trace": [
    {
      "ep": 0,
      "loss": 12.627768516540527,
      "lr": 6.313884258270264,
      "anchor": 0.0
    },
    {
      "ep": 25,
      "loss": 12.607579231262207,
      "lr": 6.303580284118652,
      "anchor": 0.008381109684705734
    },
    {
      "ep": 50,
      "loss": 12.566272735595703,
      "lr": 6.28215217590332,
      "anchor": 0.03936735913157463
    },
    {
      "ep": 75,
      "loss": 12.497197151184082,
      "lr": 6.2460761070251465,
      "anchor": 0.10089930891990662
    }
  ]
}