{
  "method": "scvi",
  "holdout_name": "retina_bc4_holdout",
  "lambda_mass": 2.0,
  "include_overcorrection_motifs": true,
  "n_rare_truth_motifs": 1,
  "n_overcorrection_target_motifs": 4,
  "ARI_vanilla": 0.6670495371227945,
  "ARI_rareshield": 0.6681222722615022,
  "delta_ARI": 0.0010727351387077588,
  "mean_OT_p_delta_rare_truth": 0.7704918032786886,
  "mean_OT_p_delta_overcorrection_candidate": 0.11065573770491804,
  "mean_lp_delta_rare_truth": -0.006044051611754753,
  "mean_lp_delta_overcorrection_candidate": -0.003922822398543496,
  "fine_tune_seconds": 205.29770495102275,
  "trace": [
    {
      "ep": 0,
      "loss": 3.716520309448242,
      "lr": 1.858260154724121,
      "anchor": 0.0
    },
    {
      "ep": 25,
      "loss": 3.61254620552063,
      "lr": 1.80611252784729,
      "anchor": 0.00642316322773695
    },
    {
      "ep": 50,
      "loss": 3.5087084770202637,
      "lr": 1.7538312673568726,
      "anchor": 0.02091715857386589
    },
    {
      "ep": 75,
      "loss": 3.40403413772583,
      "lr": 1.7010412216186523,
      "anchor": 0.03903401270508766
    }
  ]
}