{
  "method": "harmony",
  "holdout_name": "cheng5_lamp3_holdout",
  "lambda_mass": 2.0,
  "include_overcorrection_motifs": true,
  "n_rare_truth_motifs": 1,
  "n_overcorrection_target_motifs": 0,
  "ARI_vanilla": 0.39012431667918585,
  "ARI_rareshield": 0.3870600861879897,
  "delta_ARI": -0.0030642304911961404,
  "mean_OT_p_delta_rare_truth": 0.9672131147540983,
  "mean_OT_p_delta_overcorrection_candidate": NaN,
  "mean_lp_delta_rare_truth": -0.0032378568863569435,
  "mean_lp_delta_overcorrection_candidate": NaN,
  "fine_tune_seconds": 191.24785437399987,
  "trace": [
    {
      "ep": 0,
      "loss": 0.37569811940193176,
      "lr": 0.18784905970096588,
      "anchor": 0.0
    },
    {
      "ep": 25,
      "loss": 0.3524327576160431,
      "lr": 0.1761852502822876,
      "anchor": 0.0012452573282644153
    },
    {
      "ep": 50,
      "loss": 0.3301715850830078,
      "lr": 0.1649629771709442,
      "anchor": 0.004912893287837505
    },
    {
      "ep": 75,
      "loss": 0.30903884768486023,
      "lr": 0.15424832701683044,
      "anchor": 0.010843847878277302
    }
  ]
}