{
  "method": "harmony",
  "holdout_name": "zheng_mm_tpex_holdout",
  "lambda_mass": 2.0,
  "include_overcorrection_motifs": true,
  "n_rare_truth_motifs": 1,
  "n_overcorrection_target_motifs": 2,
  "ARI_vanilla": 0.2915010751085728,
  "ARI_rareshield": 0.2858883913205492,
  "delta_ARI": -0.005612683788023598,
  "mean_OT_p_delta_rare_truth": -0.9508196721311475,
  "mean_OT_p_delta_overcorrection_candidate": -0.13934426229508196,
  "mean_lp_delta_rare_truth": -0.0006756338729225209,
  "mean_lp_delta_overcorrection_candidate": -0.15051920546205008,
  "fine_tune_seconds": 194.61791109101614,
  "trace": [
    {
      "ep": 0,
      "loss": 0.06085696443915367,
      "lr": 0.030428482219576836,
      "anchor": 0.0
    },
    {
      "ep": 25,
      "loss": 0.050702355802059174,
      "lr": 0.025276683270931244,
      "anchor": 0.0029797616880387068
    },
    {
      "ep": 50,
      "loss": 0.04214509576559067,
      "lr": 0.020798509940505028,
      "anchor": 0.010961528867483139
    },
    {
      "ep": 75,
      "loss": 0.035190124064683914,
      "lr": 0.017040550708770752,
      "anchor": 0.022180436179041862
    }
  ]
}