{
  "method": "scvi",
  "holdout_name": "cheng5_lamp3_holdout",
  "lambda_mass": 2.0,
  "include_overcorrection_motifs": true,
  "n_rare_truth_motifs": 1,
  "n_overcorrection_target_motifs": 0,
  "ARI_vanilla": 0.4710265572669593,
  "ARI_rareshield": 0.45858824891954386,
  "delta_ARI": -0.012438308347415439,
  "mean_OT_p_delta_rare_truth": 0.0,
  "mean_OT_p_delta_overcorrection_candidate": NaN,
  "mean_lp_delta_rare_truth": -0.0043448995069141905,
  "mean_lp_delta_overcorrection_candidate": NaN,
  "fine_tune_seconds": 203.27488622796955,
  "trace": [
    {
      "ep": 0,
      "loss": 15.271368980407715,
      "lr": 7.635684490203857,
      "anchor": 0.0
    },
    {
      "ep": 25,
      "loss": 15.185626029968262,
      "lr": 7.5927815437316895,
      "anchor": 0.0012654255842790008
    },
    {
      "ep": 50,
      "loss": 15.09752368927002,
      "lr": 7.548632621765137,
      "anchor": 0.005160696338862181
    },
    {
      "ep": 75,
      "loss": 15.00674057006836,
      "lr": 7.503073692321777,
      "anchor": 0.011864768341183662
    }
  ]
}